loss,mae,val_loss,val_mae
40645419008.0,165159.65625,12779517952.0,83819.2890625
